#KIC,camp,KOI,Mult,period,period_err,bjd0,bjd0_err,pdepth,sdepth,pwidth,swidth,sep,morph,RA,DEC,GLon,GLat,kmag,Teff,SC,teff,teff_err1,teff_err2,logg,logg_err1,logg_err2,feh,feh_err1,feh_err2,radius,radius_err1,radius_err2,mass,mass_err1,mass_err2,jmag,hmag,kmag,parallax,parallax_error
11013201,Kepler,972,1,0.22739369999999998,0.0000001,55001.990706,0.013106,0.0002,-1,0.2377,-1,1,0.98,282.0003,48.5422,77.9525,20.5223,9.275,7779,True,7221,114,-171,3.488,0.272,-0.048,-0.18,0.15,-0.1,4.24,0.227,-1.284,2.018,0.029,-0.248,8.816,8.765,8.736,4.412177246536598,0.02839161114164543
8545456,Kepler,-1,1,0.3152045,0.0000002,54953.665175,0.017205,0.0296,0.0263,0.1185,0.1143,0.5032,0.77,285.0947,44.6663,74.8604,17.2092,11.724,7855,True,8051,224,-337,3.966,0.227,-0.122,-0.14,0.2,-0.3,2.347,0.468,-0.702,1.856,0.127,-0.355,11.191,11.072,11.031,-1.1649281933144935,0.3478279753093385
8330092,Kepler,-1,1,0.3217236,0.0000002,54964.942348000004,0.019562,0.0371,0.0362,0.1467,0.1204,0.501,0.8,300.8955,44.2472,79.6051,6.9371,13.484,6902,True,7241,230,-345,4.139,0.153,-0.187,-0.24,0.25,-0.35,1.681,0.531,-0.398,1.42,0.206,-0.251,12.502,12.308,12.269,0.5339765251474659,0.03110392975440321
9786165,Kepler,-1,1,0.33262509999999995,0.0000019,54999.874947000004,0.017454,0.5214,0.4724,0.1499,0.1254,0.4995,0.73,297.5457,46.5779,80.4416,10.1423,17.131,6098,True,-1,-1,-1,-1,-1,-1,-1,-1,-1,-1,-1,-1,-1,-1,-1,-1,-1,-1,-1,-1
7339123,Kepler,-1,1,0.3471032,0.0000002,54953.720417,0.019172,0.0811,0.0747,0.1547,0.152,0.5024,0.76,282.6419,42.9464,72.5106,18.2488,11.541,6138,True,6316,169,-169,4.191,0.209,-0.171,-0.28,0.3,-0.3,1.366,0.394,-0.322,1.056,0.169,-0.123,10.609,10.341,10.293,,
10727655,Kepler,-1,1,0.3533655,0.0000002,54953.909174,0.018255,0.5274,0.4701,0.1491,0.1176,0.5005,0.74,290.4329,48.0659,79.602,15.1192,13.433,6074,True,6334,173,-189,4.177,0.234,-0.175,-0.3,0.3,-0.3,1.389,0.415,-0.339,1.058,0.184,-0.123,12.108,11.737,11.694,1.3827047498593323,0.02172193057227704
2717141,Kepler,-1,1,0.3945715,0.0000003,54953.756174,0.022583000000000002,0.434,0.4225,0.1537,0.1173,0.4991,0.78,292.3262,37.9615,70.8858,9.502,13.519,6140,True,6328,175,-214,4.122,0.252,-0.168,-0.2,0.25,-0.3,1.521,0.439,-0.439,1.115,0.192,-0.139,12.566,12.325,12.263,0.9671752980719341,0.01609081824520305
8496820,Kepler,-1,1,0.4369669,0.0000003,54953.98272000001,0.025897000000000003,0.3423,0.3095,0.2052,0.1331,0.5018,0.85,292.473,44.5885,76.9715,12.3721,12.558,6310,True,6531,162,-211,4.044,0.293,-0.158,-0.28,0.25,-0.3,1.715,0.477,-0.583,1.186,0.206,-0.169,11.598,11.382,11.331,1.3786507371131949,0.02072139959410741
10861842,Kepler,-1,1,0.47194319999999995,0.0000004,54964.81780800001,0.028599,0.3463,0.2099,0.2016,0.1857,0.5055,0.76,292.0718,48.2383,80.2326,14.1956,14.291,7191,True,7402,232,-310,4.045,0.222,-0.167,-0.28,0.25,-0.35,1.926,0.533,-0.533,1.5,0.22,-0.245,13.226,13.094,12.948,0.5316122168542514,0.018501028982880186
10920314,Kepler,-1,1,0.5051686,0.0000004,54953.586610000006,0.021703999999999998,0.2732,0.1047,0.1907,0.1943,0.501,0.64,291.9566,48.3468,80.3007,14.3109,13.119,6993,True,7268,200,-325,4.157,0.102,-0.189,0.12,0.2,-0.35,1.748,0.547,-0.294,1.599,0.204,-0.226,12.365,12.21,12.225,1.0165007628523617,0.016464396822515773
11180361,Kepler,971,1,0.5330609000000001,0.0000004,54964.777867,0.017588999999999997,0.0016,-1,0.1139,-1,1,0.57,286.0192,48.8667,79.2128,18.1299,7.748,8330,True,8523,267,-326,3.559,0.639,-0.071,-0.5,0.15,-0.3,4.051,0.788,-2.363,2.166,0.377,-0.7,7.388,7.343,7.355,3.8863026952907918,0.036585024647235745
8074045,Kepler,-1,1,0.5363932,0.0000004,54964.970275,0.021078,0.3029,0.0914,0.1758,0.1698,0.5003,0.62,280.5026,43.9778,72.9871,20.0577,13.639,6754,True,6961,170,-267,4.169,0.112,-0.192,-0.02,0.25,-0.35,1.635,0.55,-0.339,1.443,0.216,-0.238,13.032,12.834,12.804,0.8162344391419286,0.013457687944247917
9541127,Kepler,-1,1,0.5366512,0.0000004,54953.97494,0.027157,0.3721,0.1579,0.1645,0.2372,0.5039,0.68,297.2838,46.1181,79.944,10.0779,12.558,6821,True,7019,172,-271,4.171,0.124,-0.201,-0.08,0.25,-0.35,1.624,0.516,-0.301,1.434,0.22,-0.22,11.948,11.721,11.697,1.183562671220798,0.0248925890884045
7431703,Kepler,-1,1,0.5725258000000001,0.0000005,54953.887640999994,0.025772000000000003,0.2794,0.0934,0.1991,0.1237,0.5026,0.64,287.3913,43.0987,74.0057,15.0825,12.247,7279,True,7063,73,-84,4.163,0.108,-0.132,-0.32,0.15,-0.2,1.58,0.285,-0.234,1.331,0.105,-0.115,11.59,11.477,11.425,1.2923226010286952,0.03010776738722053
12157987,Kepler,-1,1,0.5778444,0.0000005,54953.900074,0.026841000000000004,0.2057,0.0931,0.1655,0.1654,0.5018,0.66,290.663,50.7047,82.173,16.0428,12.205,7722,True,7959,220,-330,3.764,0.416,-0.073,-0.14,0.2,-0.35,2.977,0.335,-1.256,1.877,0.102,-0.407,11.542,11.403,11.349,1.2244567256739185,0.02436871852371064
7938870,Kepler,-1,1,0.5807260999999999,0.0000005,54953.69399299999,0.023731,0.3549,0.0791,0.1884,0.1462,0.5015,0.62,282.1833,43.7064,73.1417,18.8241,12.295,6651,True,6884,164,-246,4.245,0.128,-0.192,-0.36,0.3,-0.3,1.385,0.404,-0.235,1.238,0.185,-0.185,11.399,11.215,11.125,1.4396507848272708,0.022816190743901135
10351767,Kepler,1153,1,0.6350697,0.0000005,54965.114615,0.013779,0.0349,0.0223,0.1098,0.1123,0.5006,0.58,296.3203,47.4066,80.7763,11.2724,14.539,6113,True,6340,150,-206,4.434,0.054,-0.216,-0.18,0.25,-0.3,1.058,0.335,-0.112,1.106,0.158,-0.144,13.443,13.118,13.009,1.9216400059563503,0.14706974982482832
11027722,Kepler,-1,1,0.6781374,0.0000006,54965.137801,0.007548999999999999,0.0009,-1,0.0629,-1,1,0.47,290.9058,48.5318,80.1754,15.0219,14.291,6212,True,6429,173,-211,4.449,0.081,-0.175,-0.82,0.3,-0.3,0.942,0.242,-0.104,0.91,0.095,-0.087,13.299,13.059,13.013,0.8202884759249209,0.020406975396848825
5123176,Kepler,-1,1,0.7078436,0.0000006,54953.90341900001,0.041312,0.2796,0.2671,0.1286,0.15,0.5037,0.82,297.6401,40.2361,74.8919,6.962,11.461,6750,True,7055,200,-250,4.014,0.315,-0.135,-0.6,0.25,-0.3,1.862,0.449,-0.673,1.306,0.172,-0.236,10.602,10.417,10.391,1.2853051993673843,0.02431143737341544
6669809,Kepler,-1,1,0.7337378000000001,0.0000007,54953.998571000004,0.029897000000000003,0.2424,0.1141,0.1534,0.1101,0.5021,0.65,283.9097,42.131,72.0615,17.0851,10.763,7239,True,7452,209,-314,3.9,0.294,-0.126,-0.1,0.2,-0.35,2.471,0.49,-0.84,1.769,0.185,-0.37,10.089,9.938,9.884,2.0085547712933427,0.025869507533906714
4451148,Kepler,-1,1,0.7359835,0.0000007,54954.38564400001,0.04519,0.134,0.0992,0.1534,0.2426,0.5088,0.82,287.4395,39.5515,70.6673,13.6249,11.174,6579,True,6784,151,-218,4.313,0.072,-0.203,-0.2,0.25,-0.3,1.292,0.449,-0.18,1.259,0.182,-0.182,10.422,10.222,10.168,1.6028090067942313,0.0376617763760068
8590527,Kepler,-1,1,0.7397699999999999,0.0000007,54953.870653,0.012816999999999999,0.0212,0.0058,0.0908,0.0926,0.5001,0.53,301.0482,44.603,79.968,7.0303,11.634,6216,True,6465,155,-194,3.947,0.42,-0.14,-0.52,0.3,-0.3,1.847,0.435,-0.746,1.101,0.161,-0.161,10.623,10.398,10.318,3.238079043489917,0.7368707556282533
2719436,Kepler,-1,1,0.7434798,0.0000078,54999.71536,0.032144,0.1997,0.1289,0.1819,0.185,0.5015,0.68,292.8332,37.9371,71.0494,9.1355,14.015,7041,True,7304,232,-377,4.15,0.153,-0.187,-0.28,0.25,-0.35,1.655,0.521,-0.391,1.41,0.216,-0.241,13.073,12.919,12.858,0.40220896501838366,0.023143389015809843
8579707,Kepler,-1,1,0.7885922,0.0000007,54953.85171,0.042675,0.0352,0.0304,0.2449,0.3171,0.5036,0.95,298.2065,44.6646,78.9808,8.8013,11.544,6244,True,6478,145,-193,4.278,0.108,-0.201,0,0.25,-0.3,1.335,0.43,-0.231,1.233,0.188,-0.171,10.537,10.372,10.304,1.3877479913872148,0.026712196716091156
7950962,Kepler,-1,1,0.8269565999999999,0.0000008,54953.819202,0.05140599999999999,0.1907,0.1875,0.1682,0.2072,0.5123,0.92,288.4098,43.7072,74.8881,14.6462,10.678,6800,True,7024,164,-226,3.966,0.315,-0.135,-0.4,0.3,-0.3,1.98,0.496,-0.744,1.321,0.211,-0.232,9.946,9.812,9.712,1.5839692328593413,0.02166632475983156
2835289,Kepler,-1,1,0.8577619000000001,0.0000008,55000.442959,0.052266999999999994,0.0226,0.0183,0.2371,0.2726,0.5077,0.92,286.8593,38.0275,69.0466,13.4152,13.009,6228,True,6423,155,-194,4.267,0.132,-0.182,-0.22,0.25,-0.3,1.279,0.404,-0.218,1.102,0.177,-0.129,11.98,11.71,11.665,0.8586420330775242,0.01796308367982351
7777443,Kepler,-1,1,0.8851249,0.0000009000000000000001,54954.257271,0.034449,0.3859,0.1371,0.16,0.0885,0.5011,0.63,298.854,43.435,78.1399,7.7834,11.914,8224,True,8402,232,-365,3.748,0.42,-0.14,-0.12,0.35,-0.35,3.157,0.96,-1.441,2.039,0.384,-0.469,11.303,11.213,11.129,0.8399841177743321,0.026127619273904387
3954798,Kepler,-1,1,0.91848,0.0000009000000000000001,54953.84170599999,0.024509,0.7447,0.1853,0.1308,0.1092,0.5019,0.58,291.6514,39.0381,71.619,10.4594,13.608,6140,True,6269,177,-221,4.236,0.167,-0.185,-0.12,0.25,-0.3,1.316,0.409,-0.273,1.086,0.181,-0.148,13.371,12.838,12.695,0.8201702190720785,0.017882050756900292
8758161,Kepler,-1,1,0.9982175999999999,0.000001,54953.832607000004,0.024275,0.0862,-1,0.1327,-1,1,0.58,293.6205,44.9673,77.6887,11.8107,12.457,6729,True,6980,168,-264,4.06,0.24,-0.16,-0.38,0.3,-0.3,1.755,0.513,-0.513,1.292,0.19,-0.211,11.365,11.032,11.009,1.2193405765704135,0.026671744447153003
8669092,Kepler,68,1,1.0008312,0.000001,54954.28886,0.009359000000000001,0.0032,-1,0.0506,-1,1,0.5,281.8931,44.8275,74.1852,19.3966,12.733,6028,True,6287,170,-189,3.558,0.353,-0.118,-0.82,0.35,-0.3,3.177,0.588,-1.372,1.328,0.159,-0.345,11.741,11.441,11.402,1.026560445486674,0.09286912845323192
10736223,Kepler,-1,1,1.1050943000000002,0.0000012,54965.545054999995,0.024338,0.6923,0.1467,0.1122,0.1042,0.5003,0.56,293.8462,48.0503,80.5852,13.0469,13.651,7797,True,8011,223,-335,3.773,0.399,-0.07,-0.2,0.2,-0.35,2.927,0.314,-1.256,1.855,0.101,-0.379,12.876,12.663,12.601,0.6411134857555504,0.017966241783101862
7449844,Kepler,1452,1,1.1522181999999999,0.0000013,54965.124308000006,0.015778999999999998,0.0116,-1,0.0779,-1,1,0.46,293.2815,43.0558,75.8353,11.167,13.63,6834,True,5560,268,-1005,2.619,0.075,-0.225,0.56,0.05,-0.25,15.113,4.094,-4.094,3.468,0.152,-0.913,12.727,12.502,12.449,0.556548198291421,0.018177414173170345
5623923,Kepler,-1,1,1.2087496000000002,0.0000126,54999.527782000005,0.037279,0.083,0.0279,0.1121,0.093,0.5015,0.61,293.0064,40.8546,73.7437,10.3516,16.517,8300,True,-1,-1,-1,-1,-1,-1,-1,-1,-1,-1,-1,-1,-1,-1,-1,-1,-1,-1,-1,-1
10661783,Kepler,-1,1,1.2313633,0.0000014,54954.954320000004,0.039362,0.2178,0.1129,0.1591,0.1713,0.4992,0.62,290.2984,47.9786,79.4815,15.1661,9.586,7887,True,8117,225,-338,3.724,0.416,-0.104,-0.16,0.2,-0.35,3.237,0.792,-1.471,2.024,0.387,-0.472,9.264,9.175,9.177,2.120517087529039,0.045565544803082614
6206751,Kepler,-1,1,1.2453334999999999,0.0000014,54954.013099,0.026099,0.2421,0.0863,0.1047,0.0894,0.5008,0.56,292.4063,41.513,74.1343,11.0517,12.142,6965,True,6967,76,-83,4.25,0.042,-0.119,0.02,0.15,-0.15,1.476,0.293,-0.098,1.414,0.111,-0.071,11.26,11.054,10.999,1.4235874039911096,0.024357835505101382
9164561,Kepler,-1,1,1.2670378,0.0000015,54965.255669000006,0.031226999999999998,0.0482,0.0261,0.1051,0.1015,0.5,0.61,295.6152,45.5047,78.8328,10.8092,13.709,8059,True,8275,200,-372,3.726,0.42,-0.14,-0.08,0.3,-0.4,3.251,0.97,-1.455,2.053,0.404,-0.449,13.013,12.897,12.828,0.410630692677851,0.013726262567504173
2557430,Kepler,-1,1,1.2977364,0.0000015,54954.461036,0.017907,0.0403,0.0306,0.079,0.0743,0.5005,0.51,286.8453,37.8159,68.8435,13.3388,11.471,6248,True,6531,146,-178,4.12,0.246,-0.164,-0.34,0.25,-0.3,1.524,0.421,-0.421,1.117,0.193,-0.145,10.411,10.143,10.024,2.9511166502293285,0.024590639741900143
4574310,Kepler,-1,1,1.3062201,0.0000015,54954.661614,0.029268000000000002,0.4811,0.1394,0.1125,0.1101,0.5016,0.56,294.9937,39.6428,73.372,8.4452,13.242,6337,True,6600,178,-218,4.238,0.27,-0.18,-1.52,0.3,-0.25,1.124,0.247,-0.302,0.796,0.082,-0.041,12.25,11.957,11.866,0.9190156559838873,0.016512749749184128
9899416,Kepler,-1,1,1.3325545,0.0000016,54954.389538999996,0.040326,0.6269,0.1757,0.1446,0.1276,0.4992,0.6,295.2281,46.7849,79.8618,11.6412,10.028,8608,True,8853,242,-450,3.742,0.42,-0.15,0.07,0.2,-0.6,3.57,0.994,-1.845,2.564,0.318,-0.954,9.628,9.539,9.505,1.4332920145884935,0.03499516247691535
9953894,Kepler,-1,1,1.3825995,0.0000017,54954.535285000005,0.059284,0.1337,0.1355,0.0786,0.0725,0.5008,0.74,292.9217,46.8121,79.1614,13.0644,11.083,7295,True,7511,206,-335,3.685,0.416,-0.078,0.12,0.2,-0.3,3.334,0.502,-1.505,1.963,0.132,-0.421,10.46,10.352,10.287,0.8978802761824388,0.025207980112770974
10028352,Kepler,1957,1,1.3868021000000001,0.0000017,55020.998425,0.015135,0.0002,-1,0.049,-1,1,0.36,297.7922,46.9358,80.8428,10.1686,12.655,6191,True,6823,61,-91,4.04,0.121,-0.148,0.36,0.1,-0.2,2.037,0.486,-0.365,1.66,0.155,-0.155,11.671,11.425,11.359,0.6732827436137556,0.021252950741859684
9007918,Kepler,-1,1,1.3872069,0.0000017,54954.746682000005,0.023254,0.1549,0.0268,0.0876,0.0819,0.4968,0.52,286.0084,45.356,75.7798,16.8624,11.658,6939,True,7207,201,-277,4.06,0.198,-0.162,-0.16,0.25,-0.35,1.894,0.576,-0.471,1.499,0.221,-0.265,10.917,10.782,10.727,1.543380963519356,0.02414830506946635
8081389,Kepler,-1,1,1.4894405000000002,0.0000019,54965.004200999996,0.031624,0.41,0.1035,0.1106,0.104,0.5013,0.56,284.622,43.972,74.0544,17.2712,13.99,6639,True,6962,192,-288,4.148,0.162,-0.198,-0.24,0.25,-0.3,1.62,0.51,-0.382,1.352,0.202,-0.224,12.907,12.56,12.549,0.7224092365573965,0.3070562289750505
5513861,Kepler,-1,1,1.5102117,0.000002,54954.995935,0.029084,0.2534,0.2422,0.1007,0.1028,0.4994,0.57,284.3522,40.7147,70.8166,16.2521,11.638,6170,True,6592,105,-157,4.369,0.032,-0.097,-0.12,0.15,-0.15,1.19,0.171,-0.085,1.211,0.077,-0.102,10.7,10.462,10.429,1.3421088776132353,0.0255645562775506
4150611,Kepler,3156,3,1.5222786,0.0000019,54999.688801,0.003464,0.0036,-1,0.0023,-1,1,0.13,289.7425,39.2671,71.1671,11.8901,7.899,6623,True,6911,194,-242,4.038,0.406,-0.145,-1.54,0.3,-0.25,1.501,0.371,-0.603,0.897,0.069,-0.063,7.185,7.029,6.945,8.723409354841749,0.12035553797739933
3836439,Kepler,-1,1,1.5403954,0.0000019,54954.213023000004,0.017202000000000002,0.0613,0.016,0.0593,0.0507,0.4992,0.47,286.9484,38.9282,69.922,13.7184,7.57,7166,True,7394,233,-311,3.897,0.375,-0.125,-0.58,0.3,-0.3,2.283,0.438,-0.949,1.502,0.192,-0.357,7.066,6.969,6.944,6.788233598006618,0.07988427610015954
8043961,Kepler,-1,1,1.5592121,0.000002,54954.555903,0.042481,0.2267,0.1887,0.1249,0.1276,0.5003,0.63,296.7312,43.8411,77.7299,9.3198,10.736,6348,True,6649,161,-181,3.619,0.62,-0.109,-0.38,0.3,-0.3,3.177,0.465,-1.862,1.532,0.19,-0.443,9.801,9.596,9.546,1.2732134973131763,0.02255332544739956
9357275,Kepler,-1,1,1.588298,0.000002,54954.065667999996,0.025807999999999998,0.1673,0.0532,0.0853,0.079,0.5022,0.52,297.2025,45.8499,79.6778,9.9978,12.186,7545,True,7742,244,-298,4.024,0.187,-0.153,-0.16,0.2,-0.3,2.094,0.527,-0.527,1.687,0.196,-0.27,11.449,11.358,11.317,0.9401673820566137,0.02305840642168522
8553788,Kepler,-1,1,1.6061632,0.0000021000000000000002,54954.99763400001,0.029599,0.1466,0.0276,0.0972,0.0875,0.4984,0.54,289.4288,44.6414,76.0763,14.3569,12.691,8045,True,8027,63,-95,3.997,0.126,-0.073,0.07,0.15,-0.25,2.314,0.229,-0.426,1.94,0.163,-0.218,12.01,11.89,11.856,0.5751632505908435,0.020806407796384832
8262223,Kepler,-1,1,1.6130147,0.0000021000000000000002,54955.070513,0.025804,0.1558,0.0752,0.0813,0.0842,0.4991,0.53,300.3324,44.1441,79.3047,7.2283,12.146,7596,True,7832,216,-325,3.836,0.352,-0.088,-0.16,0.2,-0.35,2.779,0.383,-1.15,1.93,0.082,-0.467,11.469,11.283,11.215,0.9832346504384993,0.024162970472095185
7385478,Kepler,-1,1,1.6554776999999998,0.0000022,54954.534784,0.02947,0.1901,0.0426,0.0877,0.0728,0.4999,0.54,297.7411,42.9961,77.3468,8.2669,11.471,6477,True,6725,183,-204,3.86,0.428,-0.114,-0.52,0.3,-0.3,2.171,0.429,-1.001,1.247,0.173,-0.238,10.471,10.129,10.072,1.6622603080156348,0.0343133746980463
3443790,Kepler,1185,1,1.6657838,0.0000022,54955.20197,0.013019999999999999,0.0019,0.0009,0.0447,0.0477,0.5002,0.34,291.4763,38.5006,71.0682,10.3411,11.84,6024,True,6261,175,-159,3.686,0.323,-0.108,-0.34,0.35,-0.3,2.789,0.463,-1.079,1.378,0.215,-0.323,10.832,10.602,10.529,1.2678045158904174,0.02105274293333783
5801571,Kepler,225,1,1.6771942,0.0000022,54965.31282000001,0.011656,0.0024,0.0022,0.0398,0.0378,0.5002,0.35,294.9133,41.0747,74.6186,9.1776,14.784,6037,True,6366,70,-89,4.352,0.032,-0.12,0.16,0.15,-0.2,1.236,0.219,-0.082,1.257,0.079,-0.105,13.691,13.401,13.409,-0.5749616186129227,0.40171463467200347
8112013,Kepler,-1,1,1.7905182000000002,0.0000024,54955.194701,0.022895,0.068,0.0074,0.0694,0.0683,0.5016,0.47,296.556,43.9678,77.7807,9.4916,12.45,6350,True,6586,148,-198,4.319,0.101,-0.188,-0.32,0.25,-0.3,1.219,0.366,-0.183,1.131,0.165,-0.15,11.522,11.297,11.237,1.453803762743024,0.02290346844826917
10581918,Kepler,3807,1,1.8018631,0.0000026,55139.362915,0.033856,0.7262,0.153,0.0983,0.0907,0.5018,0.54,283.0437,47.8046,77.4451,19.6273,12.796,7252,True,7479,235,-314,3.919,0.308,-0.132,-0.3,0.25,-0.35,2.324,0.472,-0.876,1.634,0.182,-0.363,11.969,11.783,11.705,0.8263704663861076,0.023134505823352896
9101279,Kepler,5614,1,1.8114606,0.0000025,54965.932213,0.047264,0.9009,0.1262,0.1315,0.1074,0.5023,0.58,296.0016,45.4481,78.9116,10.5435,13.947,8372,True,8572,238,-374,3.776,0.412,-0.137,-0.2,0.35,-0.35,3.034,0.77,-1.431,2.009,0.342,-0.471,12.905,12.644,12.595,0.43501515498740756,0.017124336071385114
9637299,Kepler,-1,1,1.8824412,0.0000026,54965.73827,0.021286000000000003,0.3261,0.0753,0.0639,0.068,0.5002,0.44,285.7607,46.367,76.6974,17.3945,13.68,6061,True,6322,171,-190,4.211,0.264,-0.176,-0.78,0.3,-0.3,1.213,0.312,-0.312,0.872,0.104,-0.066,12.578,12.263,12.214,1.1362148061332242,0.013501974187495559
8019043,Kepler,6048,1,1.9855863999999999,0.0000028,54954.018799,0.016237,0.0706,0.0048,0.0467,0.015,0.5057,0.34,288.0875,43.8761,74.9519,14.9271,11.427,6396,True,6651,180,-180,3.6,0.33,-0.11,-0.48,0.4,-0.25,3.219,0.431,-1.208,1.503,0.223,-0.334,10.508,10.328,10.26,3.1040524050971405,0.02716134414630992
5306862,Kepler,-1,1,2.0256383000000002,0.0000028999999999999998,54954.692842,0.039337000000000004,0.0458,-1,0.0983,-1,1,0.54,299.2139,40.4584,75.6951,6.0394,12.777,6088,True,6348,170,-208,3.996,0.306,-0.165,0.12,0.25,-0.3,1.99,0.578,-0.707,1.431,0.201,-0.327,11.74,11.5,11.43,1.1524809178942375,0.02295151596488652
10291683,Kepler,-1,1,2.0437432,0.0000028999999999999998,54954.270446,0.11761500000000001,0.0077,0.0064,0.2427,0.267,0.5185,0.91,297.9296,47.3906,81.2927,10.3083,9.923,8359,True,8572,236,-372,3.776,0.412,-0.137,-0.2,0.4,-0.35,3.034,0.751,-1.288,2.009,0.371,-0.454,9.548,9.512,9.504,2.2230048440033223,0.03452246112509506
10619109,Kepler,-1,1,2.0451826,0.0000028999999999999998,54955.136772000005,0.040497000000000005,0.2688,0.0434,0.1032,0.1087,0.5008,0.55,298.3713,47.8139,81.8159,10.2553,11.704,7028,True,7128,256,-342,3.95,0.322,-0.138,-0.34,0.3,-0.3,2.135,0.526,-0.789,1.479,0.217,-0.325,10.683,10.306,10.241,1.269488086769739,0.031230657260398514
10857519,Kepler,2075,1,2.0533343,0.0000028999999999999998,55000.370133000004,0.023291,0.0001,-1,0.0597,-1,1,0.45,290.102,48.2511,79.6852,15.396,12.217,6145,True,6084,136,-136,4.204,0.168,-0.112,-0.06,0.15,-0.15,1.358,0.239,-0.239,1.076,0.102,-0.081,11.178,10.904,10.836,2.437580918870425,0.033466909056102216
9851944,Kepler,-1,1,2.1639017999999997,0.0000032,54955.847003999996,0.053161,0.2075,0.1899,0.1153,0.1148,0.5007,0.62,299.0406,46.6612,81.028,9.2897,11.249,6204,True,6459,155,-194,3.831,0.501,-0.118,-0.38,0.3,-0.3,2.255,0.461,-1.075,1.257,0.182,-0.273,10.261,10.071,9.997,0.9488459758734838,0.026536233999281865
6852488,Kepler,-1,1,2.1720406000000003,0.0000032,54966.937685000004,0.045232,0.1772,0.031,0.0948,0.0851,0.506,0.56,288.4731,42.3801,73.6549,14.0664,13.908,7262,True,7128,71,-85,4.105,0.115,-0.126,-0.14,0.15,-0.15,1.775,0.336,-0.28,1.461,0.116,-0.116,13.04,12.724,12.646,0.394768723601111,0.012757323806229385
4544587,Kepler,-1,1,2.1890973,0.0000032,54954.135787,0.033573,0.4479,0.324,0.0862,0.0646,0.6515,0.49,285.8864,39.6834,70.2969,14.7737,10.801,8255,True,8435,234,-368,3.99,0.228,-0.123,0.07,0.15,-0.55,2.416,0.506,-0.759,2.078,0.332,-0.498,10.577,10.523,10.482,1.3447194344545237,0.04104972169715907
11175495,Kepler,-1,1,2.190958,0.0000032,54954.037034,0.046601,-0.0311,-1,0.0773,-1,1,0.66,282.5472,48.8564,78.3915,20.2782,12.969,8070,True,8300,200,-372,3.755,0.433,-0.076,-0.26,0.2,-0.35,3.093,0.493,-1.479,1.986,0.33,-0.495,12.379,12.174,12.146,0.6751137977126174,0.026115014599279677
6629588,Kepler,-1,1,2.2644714,0.0000034,54966.783102999994,0.042076999999999996,0.201,0.0343,0.0947,0.0887,0.4991,0.55,297.7556,42.0091,76.4864,7.7685,13.983,6520,True,6782,214,-262,4.014,0.312,-0.144,-0.54,0.3,-0.3,1.752,0.433,-0.595,1.155,0.189,-0.17,12.852,12.565,12.494,0.4678262945656671,0.021616338867874608
11099351,Kepler,6234,1,2.3779548999999998,0.0000036000000000000003,54956.044784000005,0.01642,0.0045,-1,0.0371,-1,1,0.29,298.2774,48.6408,82.5184,10.7142,11.639,9353,True,9565,302,-416,4.088,0.171,-0.209,0.07,0.15,-0.6,2.286,0.841,-0.688,2.335,0.366,-0.679,11.291,11.253,11.228,0.9167271307911379,0.03101444212857884
10191056,Kepler,5774,1,2.4274949,0.0000038,54955.03146900001,0.034813,0.182,0.1831,0.0803,0.0771,0.5013,0.53,283.8663,47.2283,77.0657,18.9113,10.811,6588,True,6791,189,-260,4.137,0.185,-0.185,-0.24,0.25,-0.3,1.619,0.492,-0.403,1.32,0.194,-0.216,9.955,9.706,9.671,1.631263114433502,0.02132495944549061
4851217,Kepler,-1,1,2.47028,0.0000038,54953.900507000006,0.046711,0.198,0.1815,0.0984,0.0957,0.4804,0.58,295.834,39.9523,73.9589,8.0268,11.108,6694,True,7823,70,-93,3.885,0.154,-0.077,0.07,0.15,-0.15,2.675,0.299,-0.555,2.002,0.185,-0.206,10.351,10.282,10.264,0.8371455051971931,0.03748721871947922
8878681,Kepler,-1,1,2.4963331,0.0000039,54955.218659000006,0.017658,0.023,0.0036,0.0381,0.0378,0.4923,0.34,289.2316,45.1643,76.511,14.6972,11.211,6504,True,6757,150,-217,3.842,0.273,-0.117,0.12,0.25,-0.3,2.615,0.483,-0.898,1.734,0.152,-0.354,10.337,10.209,10.157,2.143977883207012,0.023084139819023415
8113154,Kepler,1542,1,2.5868778999999997,0.0000041,54953.878234,0.048469,0.0308,-1,0.0893,-1,1,0.54,296.8776,43.9416,77.8708,9.2761,12.897,6589,True,6812,165,-235,4.343,0.084,-0.182,-0.54,0.25,-0.3,1.172,0.348,-0.149,1.103,0.157,-0.128,12,11.787,11.77,0.7899485212670606,0.025711920571683318
10686876,Kepler,-1,1,2.6184272999999996,0.0000042000000000000004,54953.949815,0.032408,0.2038,0.0341,0.0689,0.0683,0.4998,0.45,299.0567,47.9094,82.1309,9.9026,11.727,7944,True,8143,226,-311,3.96,0.259,-0.111,-0.2,0.2,-0.3,2.361,0.405,-0.751,1.854,0.112,-0.381,10.879,10.92,10.825,1.023472776403393,0.02247481347248963
10583181,Kepler,-1,1,2.6963227,0.0000044,54955.210895000004,0.034219,0.2535,0.0997,0.0701,0.0684,0.4997,0.47,283.7665,47.819,77.63,19.174,11.009,6231,True,6472,146,-178,4.08,0.293,-0.158,-0.4,0.3,-0.3,1.579,0.428,-0.475,1.093,0.177,-0.133,10.168,9.974,9.94,2.2461667548370956,0.023351911856958403
6606653,Kepler,1224,1,2.6980237999999996,0.0000044,54965.284590999996,0.066164,0.0218,0.0089,0.1047,0.0732,0.4981,0.59,291.9869,42.0377,74.4715,11.5652,13.717,6352,True,6568,161,-201,4.36,0.065,-0.208,-0.06,0.25,-0.3,1.211,0.391,-0.14,1.229,0.174,-0.174,12.772,12.559,12.518,0.3316702420467687,0.0196389197426171
8801343,Kepler,1247,1,2.7398738999999996,0.0000045,54953.850472000006,0.031415,0.025,0.0041,0.0604,0.0418,0.5002,0.46,283.4699,45.0525,74.809,18.4229,11.743,6291,True,6520,162,-179,3.844,0.3,-0.1,-0.32,0.3,-0.25,2.26,0.424,-0.727,1.3,0.22,-0.22,10.803,10.574,10.541,1.5236251058808168,0.023468435986347083
10547685,Kepler,-1,1,2.7770216,0.0000046,54956.454223,0.018225,0.0362,0.0346,0.0368,0.0366,0.5,0.33,296.5724,47.7527,81.1693,11.2854,12.309,6165,True,6075,78,-85,4.315,0.132,-0.108,-0.28,0.15,-0.15,1.13,0.174,-0.157,0.962,0.065,-0.054,11.079,10.789,10.618,2.2461368920733182,0.023450455864800136
3440230,Kepler,-1,1,2.8811009999999997,0.0000049000000000000005,54967.238413,0.055492999999999994,0.6512,0.0825,0.1028,0.0945,0.5042,0.54,290.4713,38.5286,70.7394,11.0586,13.636,7869,True,8104,223,-334,3.675,0.493,-0.087,-0.34,0.2,-0.3,3.369,0.576,-1.727,1.957,0.223,-0.483,12.803,12.486,12.45,0.40871509362440006,0.014729419895414316
7684873,Kepler,14,1,2.9473627000000002,0.000005,54954.426357000004,0.01409,0.0004,-1,0.0253,-1,1,0.2,292.6119,43.3051,75.8395,11.7152,10.47,7906,True,8090,226,-340,4.002,0.198,-0.132,-0.14,0.25,-0.3,2.234,0.476,-0.581,1.828,0.144,-0.312,9.942,9.872,9.837,1.8379362468583382,0.07884425577491656
9278021,Kepler,-1,1,3.3594714999999997,0.000006,54956.873159,0.01435,0.0024,0.0016,0.0255,0.03,0.5108,0.19,290.6501,45.7824,77.5146,14.0443,12.983,6331,True,6587,176,-215,3.531,0.36,-0.112,-0.62,0.4,-0.3,3.514,0.615,-1.435,1.53,0.212,-0.394,12.001,11.771,11.715,1.1746962566789008,0.01707302024925046
4761060,Kepler,2249,1,3.3613913,0.000006,55002.021782,-1,0.0005,-1,0.2213,-1,1,-1,295.5471,39.8618,73.7718,8.1761,12.301,6512,True,6739,183,-203,3.712,0.336,-0.084,-0.56,0.35,-0.3,2.702,0.434,-1.014,1.371,0.232,-0.284,11.389,11.19,11.139,1.1274637679650563,0.02598462493083648
11240948,Kepler,-1,1,3.4019372000000003,0.0000061,55001.252153999994,-1,-0.0008,-1,0.128,-1,1,-1,290.1068,48.9034,80.3068,15.6543,12.471,6822,True,7094,193,-236,3.905,0.277,-0.092,-0.48,0.3,-0.25,2.17,0.449,-0.673,1.379,0.193,-0.236,11.628,11.469,11.436,1.1373488120976445,0.023418293685716303
11515292,Kepler,-1,1,3.4194671000000003,0.0000062,54998.598539,0.9286129999999999,0.0183,0.0157,0.2716,0.2334,0.4963,0.94,295.572,49.4782,82.4179,12.6721,10.941,6835,True,7001,73,-83,3.932,0.182,-0.112,0.02,0.2,-0.15,2.308,0.411,-0.502,1.661,0.166,-0.166,10.181,10.051,10.01,1.185950332611801,0.03529476494363777
8196180,Kepler,-1,1,3.6716611000000006,0.0000068,54954.07515700001,0.027104000000000003,0.1279,0.0407,0.0409,0.0409,0.4035,0.31,300.6358,44.0534,79.3405,6.995,12.814,7114,True,7343,207,-311,4.02,0.273,-0.147,-0.42,0.25,-0.3,1.94,0.52,-0.635,1.436,0.21,-0.257,11.871,11.641,11.598,1.9689824705411627,0.43550000558214014
9753154,Kepler,2457,1,3.7042675000000003,0.000006900000000000001,54998.553701,0.017831,0.0001,-1,0.0331,-1,1,0.39,282.3012,46.5162,75.9769,19.6831,12.402,6514,True,6732,163,-204,3.958,0.273,-0.117,-0.42,0.3,-0.25,1.927,0.402,-0.603,1.23,0.189,-0.189,11.503,11.351,11.269,0.9009067073715101,0.022274515680067483
11913071,Kepler,-1,1,3.7478351,0.000007000000000000001,54955.94349600001,0.033275,0.189,0.0467,0.0504,0.0507,0.4986,0.37,291.0614,50.2554,81.8508,15.6304,9.532,8329,True,8529,236,-371,3.769,0.42,-0.14,-0.18,0.35,-0.4,3.065,0.92,-1.38,2.017,0.378,-0.462,8.834,8.732,8.683,3.267197857840467,0.039517779299670874
3861595,Kepler,4,1,3.8493669,0.0000072999999999999996,54959.728108,0.020419999999999997,0.0014,-1,0.0289,-1,1,0.2,294.3566,38.9474,72.5166,8.5502,11.432,6054,True,6244,126,-114,3.657,0.27,-0.09,-0.16,0.2,-0.15,2.992,0.416,-0.971,1.482,0.131,-0.261,10.475,10.266,10.195,1.2405867688437675,0.027250660672931366
5285607,Kepler,-1,1,3.8994011,0.000007400000000000001,54959.576010000004,0.02738,0.0408,0.0403,0.0397,0.035,0.4994,0.36,294.7722,40.4596,74.0184,8.9815,11.419,6235,True,6469,145,-193,4.385,0.056,-0.238,0.07,0.25,-0.3,1.193,0.431,-0.144,1.26,0.184,-0.184,10.517,10.305,10.268,1.2503816665524088,0.021621172906860567
8504570,Kepler,-1,1,4.0077046,0.0000078,54955.777160000005,0.034006,0.1656,0.0519,0.0476,0.0527,0.499,0.35,295.2369,44.5077,77.8086,10.5796,13.251,6874,True,7162,200,-300,4.185,0.105,-0.21,-0.02,0.2,-0.35,1.631,0.546,-0.294,1.484,0.218,-0.218,12.375,12.208,12.172,0.6434698429288934,0.018232164102235982
9835416,Kepler,-1,1,4.0366052,0.0000078,54957.446497000004,-1,0.0032,0.0015,0.1644,0.4425,0.3819,-1,293.6965,46.6205,79.2253,12.5031,13.338,6994,True,7241,228,-304,4.139,0.153,-0.187,-0.24,0.25,-0.35,1.681,0.508,-0.37,1.42,0.219,-0.241,12.45,12.284,12.226,0.7547836036712656,0.013155680428772177
11231334,Kepler,258,1,4.1574813,0.0000082,54993.02032999999,0.040704000000000004,0.0008,-1,0.0583,-1,1,0.44,284.5418,48.9613,78.9518,19.0735,9.887,6278,True,6529,156,-176,3.657,0.312,-0.078,-0.06,0.3,-0.25,3.131,0.468,-1.171,1.623,0.206,-0.335,8.947,8.698,8.682,2.64817332222907,0.030584666682772176
8098300,Kepler,-1,1,4.3059177,0.000008599999999999999,54956.737583,0.033795,0.3396,0.2342,0.0434,0.0462,0.5034,0.36,292.0587,43.9252,76.228,12.3481,12.817,6275,True,6502,146,-178,4.44,0.052,-0.208,-0.4,0.25,-0.35,1.037,0.317,-0.106,1.077,0.136,-0.136,11.885,11.641,11.596,1.0274920471963884,0.02322912652682544
3127817,Kepler,-1,1,4.3271394,0.0000087,54955.11773400001,0.046655,0.0579,0.0512,0.0645,0.0583,0.5017,0.48,293.9997,38.2323,71.7458,8.4598,12.155,6504,True,6425,162,-194,4.04,0.306,-0.165,-0.22,0.25,-0.3,1.718,0.477,-0.583,1.179,0.188,-0.188,10.824,10.591,10.512,-0.050917269951435536,0.3063749646401923
12268220,Kepler,-1,1,4.4215781,0.000008900000000000001,54954.125749,0.053826,0.081,0.0301,0.0547,0.0524,0.5007,0.54,296.4907,50.9059,83.995,12.8049,11.425,7826,True,8026,251,-306,3.65,0.51,-0.09,-0.36,0.2,-0.3,3.461,0.607,-1.821,1.95,0.238,-0.51,10.756,10.615,10.554,0.717513562821803,0.02310332147543015
5795648,Kepler,6016,1,4.5533695,0.0000093,54954.773066999995,0.021005000000000003,0.023,-1,0.0248,-1,1,0.16,293.2944,41.0354,74.008,10.2404,11.471,6052,True,6306,157,-189,4.346,0.113,-0.137,-0.36,0.3,-0.3,1.109,0.244,-0.162,0.991,0.135,-0.11,10.509,10.279,10.218,2.3197395730037034,0.45260989509619676
6362386,Kepler,6146,1,4.5924016,0.0000094,54956.954223,0.035903,0.0944,0.0043,0.0442,0.0373,0.4985,0.32,291.2642,41.7488,73.9652,11.9217,12.93,6983,True,7201,228,-314,4.138,0.132,-0.198,-0.08,0.25,-0.35,1.724,0.546,-0.364,1.488,0.218,-0.239,12.118,11.945,11.878,0.9481400432441233,0.020664851395965383
4936180,Kepler,820,1,4.6409218,0.000009699999999999999,54964.943578,-1,0.006,-1,0.0114,-1,1,-1,295.1137,40.0712,73.7972,8.568,15.27,6287,True,6463,205,-205,4.5,0.087,-0.163,-1.66,0.3,-0.2,0.826,0.159,-0.086,0.786,0.062,-0.045,14.224,13.954,13.785,0.37522891896221794,0.02401054891306371
9071386,Kepler,23,1,4.693306099999999,0.000009699999999999999,54955.782029999995,0.042372,0.0151,-1,0.0509,-1,1,0.36,283.1663,45.4031,75.0787,18.7443,12.291,6324,True,6365,115,-140,4.22,0.099,-0.121,0.2,0.15,-0.2,1.47,0.267,-0.2,1.312,0.093,-0.113,11.336,11.151,11.068,1.221654357588129,0.022369601629031833
9635529,Kepler,-1,1,4.70391,0.000009800000000000001,54957.860296000006,0.03585,0.2265,0.194,0.0482,0.0445,0.5014,0.39,284.7045,46.3788,76.4348,18.079,12.23,6347,True,6550,148,-181,4.324,0.084,-0.196,-0.22,0.25,-0.3,1.225,0.383,-0.164,1.157,0.178,-0.146,11.299,11.091,11.048,1.2003630535947643,0.0299353763443347
7943535,Kepler,-1,1,4.719339,0.000009800000000000001,54957.075209,0.018836000000000002,0.0114,0.0063,0.0225,0.0235,0.5954,0.15,284.5627,43.7743,73.8453,17.2391,12.672,6516,True,6792,182,-223,3.971,0.252,-0.126,-0.2,0.25,-0.3,2.058,0.418,-0.626,1.444,0.183,-0.275,11.731,11.45,11.42,1.170858133701789,0.023451142493221524
5738698,Kepler,6134,1,4.8087739,0.0000101,54956.591698000004,0.043651999999999996,0.2993,0.3042,0.0524,0.047,0.5004,0.41,299.7198,40.904,76.2777,5.9396,11.941,6210,True,6466,145,-178,4.278,0.165,-0.182,-0.48,0.3,-0.3,1.21,0.341,-0.227,1.011,0.146,-0.106,11.002,10.768,10.747,1.0335036529073571,0.05435402943938745
10156064,Kepler,-1,1,4.8559364,0.000010199999999999999,54954.458136,0.033241,0.1264,0.055,0.0409,0.0435,0.5007,0.32,296.9934,47.1467,80.7636,10.7471,10.367,7424,True,7652,214,-322,4.104,0.135,-0.165,0.04,0.2,-0.35,1.921,0.54,-0.36,1.707,0.194,-0.267,9.942,9.88,9.855,1.4877448549041596,0.02646079232743115
9970937,Kepler,-1,1,4.8770612,0.000010300000000000001,54999.02146799999,0.330019,0.0039,0.0028,0.2115,0.1971,0.4895,0.88,298.854,46.8269,81.109,9.4832,9.797,8308,True,8527,233,-401,3.633,0.51,-0.09,0.07,0.25,-0.5,3.956,0.874,-2.039,2.449,0.329,-0.769,9.383,9.361,9.298,1.317147710107647,0.03495438332774786
7778437,Kepler,131,1,5.0142324,0.000010800000000000002,54966.173727,0.039605,0.0067,-1,0.0435,-1,1,0.32,299.0975,43.4976,78.2846,7.6626,13.797,6244,True,6490,155,-232,4.32,0.067,-0.202,0.16,0.2,-0.35,1.307,0.439,-0.188,1.304,0.169,-0.187,12.804,12.583,12.562,0.7717549199772387,0.015005103391676126
5530881,Kepler,-1,1,5.0825222000000005,0.000011,54965.960770000005,0.031832,0.2726,0.0501,0.0358,0.04,0.4982,0.27,290.9227,40.7774,72.9576,11.7291,13.508,6138,True,6507,146,-194,4.343,0.101,-0.188,-0.38,0.25,-0.3,1.145,0.33,-0.152,1.049,0.16,-0.117,12.468,12.186,12.171,0.910116943330284,0.014389508293320018
6889235,Kepler,74,1,5.18867,0.0000113,54956.285878999995,0.045776,0.0016,0.0008,0.0461,0.0526,0.4998,0.43,298.3242,42.3885,77.0302,7.5927,10.96,9288,True,9523,302,-416,4.205,0.136,-0.221,0.07,0.15,-0.65,1.941,0.795,-0.428,2.202,0.45,-0.55,10.679,10.722,10.699,1.3983142636433876,0.033184089610923534
4069213,Kepler,-1,1,5.1942561,0.0000113,54957.183260000005,0.055401,0.0439,0.0048,0.0589,0.0576,0.4869,0.42,294.5957,39.1938,72.8248,8.5029,12.739,6058,True,6100,91,-73,3.895,0.196,-0.084,-0.06,0.15,-0.15,2.086,0.283,-0.526,1.244,0.16,-0.16,11.526,11.263,11.255,0.948195317163351,0.02648713700420946
7289157,Kepler,399,2,5.2658073,0.000011599999999999999,54969.976049000004,0.04413,0.0304,-1,0.0447,-1,1,0.37,293.9661,42.8373,75.8694,10.6213,12.947,6013,True,5916,107,-119,4.296,0.132,-0.108,-0.06,0.15,-0.15,1.175,0.178,-0.178,0.995,0.081,-0.066,11.893,11.626,11.518,1.3179028017557661,0.021087791536844286
8953059,Kepler,6062,1,5.4999401,0.0000124,54969.868726,0.040319,0.0441,-1,0.0402,-1,1,0.3,291.8422,45.2393,77.3729,13.0574,15.48,6217,True,6435,153,-211,4.385,0.065,-0.208,-0.06,0.25,-0.3,1.157,0.37,-0.148,1.186,0.169,-0.152,14.453,14.13,14.111,0.3875320582185354,0.027019116201323752
8264510,Kepler,-1,1,5.686759400000001,0.0000129,55003.229908,-1,-0.0042,-1,0.1281,-1,1,-1,300.9686,44.192,79.5853,6.8636,10.609,7478,True,7689,237,-316,3.947,0.273,-0.136,-0.2,0.2,-0.35,2.316,0.499,-0.748,1.73,0.184,-0.341,9.678,9.674,9.688,-3.1407983261289165,1.143670563066365
6449358,Kepler,6147,1,5.7767904,0.0000131,54955.073410000005,0.043601,0.1305,0.012,0.042,0.0521,0.4985,0.31,293.8964,41.8318,74.9375,10.2048,11.61,7449,True,7666,212,-334,3.658,0.432,-0.108,0.24,0.1,-0.4,3.601,0.725,-1.571,2.153,0.276,-0.512,10.949,10.842,10.788,1.1973965011976535,0.026362765958145958
8488876,Kepler,-1,1,5.801881099999999,0.0000132,54958.377657000005,0.027906999999999998,0.0329,0.0009,0.0269,0.0248,0.5872,0.18,289.4052,44.5155,75.9505,14.3208,12.368,6957,True,7259,201,-302,3.739,0.392,-0.098,0.02,0.2,-0.35,3.009,0.442,-1.238,1.808,0.196,-0.364,11.552,11.378,11.357,1.1030321860012144,0.018511905785503303
11826400,Kepler,6091,1,5.8893723,0.000013500000000000001,54956.000227,0.036754,0.0615,0.002,0.0344,0.0423,0.4995,0.25,297.5134,50.0748,83.5557,11.8407,12.472,6947,True,7249,201,-302,3.993,0.266,-0.143,-0.22,0.25,-0.35,2.071,0.531,-0.708,1.537,0.206,-0.308,11.66,11.481,11.455,1.344683380302861,0.021558566502522383
3439031,Kepler,4980,1,5.9520263,0.000013699999999999998,54954.068169000006,0.0383,0.4053,0.4156,0.0372,0.0352,0.5001,0.33,290.1327,38.5137,70.6078,11.2904,11.287,6337,True,6572,147,-180,4.408,0.063,-0.147,-0.42,0.25,-0.35,1.08,0.235,-0.127,1.088,0.125,-0.137,10.34,10.117,10.117,2.0543353890833553,0.024792747402726342
5384802,Kepler,646,1,6.0830927,0.000014400000000000001,54966.988767999996,0.021647,0.0197,0.0196,0.0193,0.0182,0.4997,0.17,297.449,40.5109,75.0592,7.2249,13.705,6203,True,6431,102,-141,4.293,0.076,-0.114,-0.02,0.15,-0.15,1.295,0.219,-0.152,1.199,0.096,-0.096,12.711,12.432,12.338,0.8212226464673983,0.015541609184780878
12071006,Kepler,-1,1,6.0960264,0.0000142,54955.83764,0.10831700000000001,0.8868,0.1034,0.0955,0.0954,0.4988,0.53,296.105,50.5185,83.527,12.8434,13.533,7338,True,7598,75,-83,3.867,0.163,-0.075,0.06,0.1,-0.15,2.692,0.26,-0.607,1.945,0.027,-0.228,12.653,12.425,12.288,0.24590515434003857,0.01481501599402661
9418619,Kepler,6068,1,6.1502471,0.000014400000000000001,54955.121930999994,0.011765000000000001,0.002,-1,0.0105,-1,1,0.07,297.1818,45.9884,79.7939,10.0773,10.622,8671,True,8914,246,-458,3.896,0.27,-0.18,0.07,0.25,-0.6,2.867,0.988,-1.087,2.357,0.353,-0.656,10.281,10.263,10.241,1.7299447591397106,0.024445276438256353
4073730,Kepler,3785,1,6.2820742,0.000014800000000000002,55005.477728,0.05038,0.0034,0.003,0.0405,0.0461,0.4855,0.33,295.6159,39.1967,73.2089,7.8096,11.059,6377,True,6635,167,-183,3.511,0.368,-0.092,-0.32,0.35,-0.25,3.798,0.39,-1.561,1.705,0.213,-0.396,10.166,9.98,9.938,1.3092405804263578,0.026021920899107032
5263802,Kepler,5145,1,6.7005059000000005,0.0000163,54958.146746000006,0.025699,0.0286,0.0286,0.0232,0.0216,0.4955,0.19,288.2709,40.4004,71.7324,13.3925,11.494,6642,True,6657,79,-79,4.181,0.132,-0.108,-0.24,0.15,-0.15,1.501,0.238,-0.238,1.255,0.089,-0.123,10.587,10.415,10.362,1.6518058899324433,0.02170779619863545
10295951,Kepler,1154,1,6.810824799999999,0.0000167,54955.424427,0.062354999999999994,0.0149,-1,0.0511,-1,1,0.36,299.1028,47.3778,81.6789,9.6108,12.628,6998,True,7226,228,-304,3.967,0.315,-0.135,-0.4,0.3,-0.3,2.079,0.507,-0.76,1.461,0.204,-0.306,11.768,11.61,11.548,0.5736610572214256,0.02350383396971488
5034333,Kepler,6124,1,6.93228,0.000017,54954.027612,0.054464,0.0043,-1,0.0639,-1,1,-1,297.4004,40.1495,74.7245,7.0777,11.52,8444,True,8675,238,-408,4.08,0.15,-0.15,0.07,0.15,-0.6,2.168,0.487,-0.541,2.057,0.37,-0.493,11.061,11.007,10.976,0.9836469694391329,0.03441631041585243
8242350,Kepler,5493,1,6.993555499999999,0.0000173,54958.005866,-1,0.0027,-1,0.1171,-1,1,-1,294.9346,44.1298,77.366,10.595,12.594,6334,True,6565,158,-198,3.803,0.293,-0.098,-0.2,0.3,-0.25,2.467,0.456,-0.847,1.414,0.228,-0.253,11.619,11.428,11.355,0.43353474808494696,0.2986744591292782
9913481,Kepler,-1,1,7.009485400000001,0.0000174,54955.804465,0.051577,0.0996,0.0696,0.0416,0.0459,0.4993,0.36,299.5866,46.7655,81.31,9.0185,10.862,7408,True,7624,212,-318,3.622,0.476,-0.084,-0.04,0.2,-0.3,3.682,0.609,-1.948,2.068,0.292,-0.542,10.127,10.074,10.027,1.0015747066429495,0.027267373924409945
3230227,Kepler,-1,1,7.047106200000001,0.0000175,54958.702238,-1,0.0658,-1,0.0148,-1,1,-1,290.1126,38.3999,70.4963,11.255,9.002,7972,True,8162,226,-340,3.973,0.234,-0.126,-0.2,0.25,-0.35,2.321,0.449,-0.674,1.845,0.12,-0.36,8.587,8.522,8.532,2.7164996721017602,0.050960189448646644
7972785,Kepler,184,1,7.3007334,0.0000187,54966.56591699999,0.047633999999999996,0.0143,-1,0.0351,-1,1,0.25,296.0477,43.7621,77.4197,9.7148,14.933,6134,True,6434,153,-230,4.394,0.07,-0.21,-0.1,0.25,-0.3,1.138,0.389,-0.13,1.169,0.169,-0.169,13.791,13.516,13.466,0.40336893353294645,0.024517923189789306
3335816,Kepler,-1,1,7.4220063,0.0000188,54954.35563099999,0.022997,0.021,0.0106,0.0189,0.019,0.4993,0.16,289.6983,38.4066,70.3589,11.5505,12.084,6079,True,6338,151,-189,4.256,0.175,-0.175,-0.34,0.3,-0.3,1.247,0.371,-0.247,1.021,0.173,-0.106,11.086,10.842,10.762,1.6119272372049995,0.026013704509306866
11403032,Kepler,-1,1,7.631634399999999,0.000019699999999999998,55001.91081,-1,-0.0013,-1,0.173,-1,1,-1,291.9279,49.297,81.1835,14.7265,11.5,6433,True,6657,149,-199,3.741,0.285,-0.095,-0.16,0.3,-0.25,2.869,0.449,-1.047,1.653,0.196,-0.364,10.562,10.373,10.331,1.16660691100942,0.06144655301131232
11071207,Kepler,-1,1,8.0496347,0.0000214,54971.653400999996,0.036677999999999995,0.2655,0.1343,0.0256,0.0375,0.6205,0.16,284.4178,48.6809,78.6434,19.0557,13.831,6427,True,6698,169,-220,4.171,0.185,-0.185,-0.38,0.25,-0.3,1.485,0.41,-0.336,1.197,0.175,-0.175,12.874,12.663,12.632,0.5549685088210008,0.017278049520803966
5817566,Kepler,6138,1,8.412198199999999,0.0000226,54961.017551,0.071903,0.1525,0.1558,0.0442,0.0404,0.5007,0.47,298.476,41.0799,75.9476,6.8366,11.684,7994,True,8212,229,-343,3.736,0.432,-0.108,-0.18,0.2,-0.35,3.185,0.789,-1.465,2.016,0.372,-0.496,11.054,10.836,10.806,0.4108350158915967,0.027736978955795733
9851142,Kepler,3513,1,8.4803,0.0000485,55002.77647999999,0.054122,0.0911,0.0123,0.0366,0.0454,0.6295,0.26,298.8002,46.6655,80.9485,9.4349,7.631,6804,True,7059,126,-169,3.946,0.195,-0.105,-0.14,0.15,-0.15,2.21,0.375,-0.563,1.571,0.127,-0.191,6.989,6.864,6.829,6.896079438961051,0.03171867274671986
9701423,Kepler,-1,1,8.607397500000001,0.0000234,55002.826200999996,-1,-0.0003,-1,0.1984,-1,1,-1,287.6039,46.4128,77.2377,16.2322,10.829,6529,True,6563,147,-180,4.407,0.063,-0.147,-0.36,0.25,-0.3,1.091,0.222,-0.12,1.108,0.122,-0.149,9.981,9.761,9.732,2.306422658876255,0.02225383516870463
4248941,Kepler,-1,1,8.644597599999999,0.0000234,54997.105632000006,-1,0.0015,-1,0.1532,-1,1,-1,287.6032,39.3977,70.5761,13.4466,12.159,6089,True,6359,174,-174,3.838,0.308,-0.103,-0.58,0.35,-0.3,2.111,0.402,-0.746,1.121,0.2,-0.18,11.179,10.921,10.909,1.1791445796083087,0.024347176853963336
4150611,Kepler,3156,3,8.6530923,0.0000236,54961.00541900001,0.024746,0.0547,0.0511,0.017,0.0193,0.728,0.14,289.7425,39.2671,71.1671,11.8901,7.899,6623,True,6911,194,-242,4.038,0.406,-0.145,-1.54,0.3,-0.25,1.501,0.371,-0.603,0.897,0.069,-0.063,7.185,7.029,6.945,8.723409354841749,0.12035553797739933
7914906,Kepler,6047,1,8.752907400000002,0.000024,54962.971405,-1,0.0408,-1,0.014,-1,1,-1,298.8165,43.6733,78.3339,7.927,11.961,6952,True,7279,226,-327,3.856,0.315,-0.135,-0.04,0.2,-0.35,2.624,0.531,-1.061,1.8,0.177,-0.412,11.131,10.982,10.925,0.9762790520455468,0.02508311988076957
5284133,Kepler,-1,1,8.7845759,0.000024,54958.88987100001,0.032363,0.2452,0.0492,0.0225,0.0267,0.6167,0.15,294.3822,40.4522,73.8704,9.2399,12.444,7922,True,8144,226,-368,4.139,0.108,-0.162,0.07,0.15,-0.45,1.914,0.454,-0.372,1.841,0.218,-0.327,11.896,11.774,11.775,0.9609929691951503,0.033365897976556716
5090937,Kepler,3182,1,8.8006929,0.000024,55001.089963,-1,0.0012,0.0007,0.21,0.1248,0.4705,-1,289.2657,40.2555,71.9224,12.6429,11.04,7865,True,8092,224,-336,3.725,0.405,-0.108,-0.04,0.2,-0.35,3.267,0.817,-1.517,2.068,0.335,-0.503,10.483,10.442,10.395,1.1370042292480504,0.023412911546779346
4912991,Kepler,5997,1,8.885034800000001,0.0000246,54971.049804999995,0.015974000000000002,0.0224,0.0215,0.0108,0.0117,0.5003,0.09,288.4721,40.0877,71.5054,13.1231,11.297,6032,True,6316,155,-202,4.387,0.066,-0.154,-0.1,0.25,-0.3,1.119,0.246,-0.143,1.109,0.144,-0.129,10.364,10.134,10.093,-2.4464176800677633,1.0859693746252828
12255108,Kepler,-1,1,9.1315263,0.000025300000000000002,55002.50834099999,-1,-0.0015,-1,0.1728,-1,1,-1,289.5991,50.9386,82.1232,16.7528,11.594,7378,True,7577,237,-316,4.04,0.155,-0.155,0.12,0.2,-0.35,2.114,0.542,-0.493,1.788,0.182,-0.295,10.988,10.864,10.846,1.1685010706701344,0.02210716758306674
9552608,Kepler,80,1,9.2506211,0.000026000000000000002,54959.154587,0.023614,0.001,-1,0.0143,-1,1,0.11,300.5376,46.1043,81.0735,8.1174,11.31,7906,True,8133,225,-338,3.715,0.413,-0.11,-0.08,0.25,-0.35,3.294,0.84,-1.561,2.053,0.348,-0.523,10.698,10.594,10.586,0.9228296329515536,0.03595107040673666
4737302,Kepler,-1,1,9.4555885,0.000026700000000000002,54957.214005999995,0.052138,0.1104,0.0544,0.0329,0.0347,0.4942,0.26,288.9267,39.8118,71.3978,12.6912,11.554,6845,True,7221,199,-299,3.488,0.604,-0.071,-0.18,0.25,-0.3,4.24,0.285,-2.564,2.018,0.068,-0.616,10.748,10.624,10.583,1.0256558660818125,0.029346621390425615
11817750,Kepler,-1,1,9.7625507,0.000028000000000000003,54954.908602999996,0.030882,0.0385,0.029,0.0188,0.0203,0.5044,0.15,293.8269,50.0765,82.4519,13.9476,12.25,6930,True,7199,201,-277,4.055,0.175,-0.175,-0.04,0.25,-0.35,1.95,0.556,-0.505,1.571,0.221,-0.243,11.44,11.288,11.245,1.0311530372898983,0.021671589860596786
10873904,Kepler,-1,1,9.8856332,0.000028499999999999998,54996.753765999994,-1,-0.0008,-1,0.1212,-1,1,-1,296.6001,48.296,81.667,11.5252,13.065,6568,True,6795,183,-245,4.043,0.293,-0.158,-0.42,0.3,-0.3,1.732,0.502,-0.553,1.208,0.189,-0.17,12.012,11.837,11.824,0.6730715114796654,0.015430598309440876
7039026,Kepler,-1,1,9.9439292,0.000028800000000000002,54996.118502,-1,-0.0005,-1,0.2153,-1,1,-1,293.4486,42.5866,75.4657,10.8451,10.82,6914,True,7143,170,-297,4.293,0.066,-0.133,0.07,0.2,-0.4,1.441,0.277,-0.185,1.486,0.128,-0.219,10.132,10.014,9.965,2.013072162711818,0.023012907184909503
11649962,Kepler,-1,1,10.5627371,0.0000312,54973.758216999995,-1,-0.001,-1,0.0872,-1,1,-1,284.568,49.7795,79.774,19.332,11.41,6487,True,6756,151,-219,4.274,0.092,-0.138,-0.12,0.25,-0.3,1.368,0.311,-0.181,1.291,0.147,-0.196,10.532,10.337,10.283,1.9924861212843916,0.023550299034539417
11285625,Kepler,-1,1,10.7904443,0.000032200000000000003,54975.33451,0.047294,0.1157,0.089,0.0251,0.0245,0.4996,0.23,285.2162,49.0895,79.2386,18.7015,10.143,6882,True,7216,201,-251,3.768,0.392,-0.098,-0.12,0.25,-0.35,2.804,0.509,-1.187,1.682,0.186,-0.345,9.387,9.246,9.197,1.8822553421794919,0.01900776848542754
6698670,Kepler,-1,1,10.815890199999998,0.000032500000000000004,54962.07569500001,0.203079,0.0491,0.0008,0.0188,0.0194,0.5959,0.1,293.8383,42.1222,75.1794,10.3768,12.96,6002,True,6269,170,-170,4.109,0.228,-0.123,-0.28,0.3,-0.3,1.508,0.319,-0.39,1.065,0.18,-0.135,11.931,11.648,11.606,1.8702162598627052,0.020119141765937588
4245897,Kepler,-1,1,11.2578219,0.0000343,54973.788825,0.16734100000000002,0.7569,0.1718,0.0772,0.0418,0.4998,0.51,286.3909,39.3344,70.1255,14.2779,12.538,6595,True,6915,217,-326,4.012,0.286,-0.154,-0.34,0.3,-0.3,1.875,0.522,-0.638,1.322,0.195,-0.238,11.185,10.732,10.609,0.5466715507714609,0.025175890803480944
7422883,Kepler,6159,1,11.4145336,0.000035100000000000006,54958.945233000006,0.041602999999999994,0.0476,-1,0.0199,-1,1,0.16,283.6073,43.0042,72.8299,17.6085,11.254,6639,True,6826,152,-220,4.187,0.153,-0.187,-0.24,0.25,-0.3,1.52,0.447,-0.298,1.307,0.182,-0.223,10.404,10.248,10.202,1.4081608536105417,0.031033036934810625
7466863,Kepler,677,1,11.9711385,0.000038,54968.164226,0.019039,0.0004,-1,0.0091,-1,1,0.06,297.401,43.0428,77.264,8.5063,13.768,6035,True,6312,176,-220,4.127,0.264,-0.154,-0.34,0.3,-0.3,1.464,0.416,-0.457,1.048,0.169,-0.153,12.684,12.368,12.335,1.0492330428289909,0.017665860116620493
5880320,Kepler,1060,1,12.109639300000001,0.0000385,54973.212603,0.104426,0.0003,-1,0.0249,-1,1,0.2,293.0846,41.1354,74.0253,10.4267,14.348,6400,True,6021,120,-120,4.093,0.195,-0.105,-0.34,0.15,-0.15,1.458,0.226,-0.339,0.96,0.088,-0.08,13.37,13.146,13.11,0.6371631682296484,0.01921706105664389
11086270,Kepler,124,1,12.691047,0.0000409,54970.12639299999,0.034582999999999996,0.0003,-1,0.0142,-1,1,0.1,292.9291,48.6028,80.8226,13.8367,12.935,6076,True,5869,117,-117,4.024,0.21,-0.105,-0.16,0.15,-0.15,1.626,0.254,-0.413,1.019,0.098,-0.098,11.919,11.658,11.623,1.6763799656391485,0.023378671879391685
2307199,Kepler,151,1,13.4471107,0.0000447,55006.176594000004,0.020973,0.0014,-1,0.0094,-1,1,0.07,292.3748,37.631,70.6055,9.317,14,6028,True,6276,169,-206,4.405,0.087,-0.203,-0.32,0.3,-0.3,1.041,0.326,-0.14,1.001,0.158,-0.115,12.891,12.605,12.554,0.9981655880306616,0.04705859922530682
4165960,Kepler,395,1,13.549178099999999,0.000045299999999999997,54970.130554999996,0.017541,0,-1,0.0215,-1,1,0.1,293.5709,39.2526,72.5011,9.2319,13.889,6244,True,6517,71,-84,4.265,0.08,-0.12,-0.1,0.15,-0.15,1.342,0.235,-0.157,1.212,0.092,-0.102,12.93,12.665,12.63,0.7380433193028336,0.017273515996694796
6292925,Kepler,-1,1,13.6123475,0.0000447,54999.63755,-1,0.0002,-1,0.1238,-1,1,-1,294.2413,41.6198,74.8675,9.8786,9.717,8159,True,8386,230,-394,3.735,0.392,-0.168,0.07,0.3,-0.45,3.485,0.915,-1.699,2.406,0.312,-0.779,9.311,9.339,9.28,3.0250797458631733,0.033408182253415
7373255,Kepler,-1,1,13.661106099999998,0.000045299999999999997,54997.97642100001,-1,-0.0007,-1,0.1162,-1,1,-1,294.8559,42.9372,76.2663,10.0897,11.511,6284,True,6526,146,-178,4.182,0.16,-0.131,-0.2,0.25,-0.3,1.482,0.311,-0.311,1.223,0.145,-0.177,10.642,10.422,10.393,1.952260812747141,0.02944983976329269
6631721,Kepler,160,1,13.7382835,0.000046,54967.429813999996,0.024172,0.0007,-1,0.0102,-1,1,0.07,298.1836,42.0131,76.6499,7.4949,13.805,6153,True,6375,171,-209,4.292,0.149,-0.182,-0.44,0.3,-0.3,1.178,0.335,-0.223,0.991,0.156,-0.099,12.719,12.451,12.385,1.2972963099064745,0.015878222383863137
6109688,Kepler,-1,1,14.0867881,0.0000472,54959.199115999996,0.066255,0.1073,0.0065,0.0271,0.014,0.5456,0.18,286.9136,41.4815,72.3239,14.7676,12.271,6845,True,7138,175,-275,4.062,0.198,-0.18,-0.12,0.25,-0.35,1.89,0.578,-0.473,1.5,0.209,-0.232,11.465,11.279,11.233,1.0881429075975226,0.024084682496654464
5398002,Kepler,3213,1,14.153174900000002,0.0000479,55009.79371900001,-1,0.0002,-1,0.113,-1,1,-1,300.015,40.527,76.0702,5.5529,11.98,8527,True,8753,240,-411,3.668,0.496,-0.124,0.07,0.2,-0.6,3.746,1.014,-1.884,2.385,0.334,-0.78,11.359,11.318,11.286,0.49513588425696536,0.024199401944099575
5818706,Kepler,-1,1,14.9599406,0.0000514,55003.064616999996,-1,0.0002,-1,0.0908,-1,1,-1,298.6959,41.0417,75.9989,6.6743,11.493,6123,True,6375,162,-178,4.056,0.252,-0.126,-0.3,0.25,-0.3,1.64,0.346,-0.461,1.116,0.193,-0.145,10.479,10.273,10.183,1.9302390831259923,0.0268189491550099
5021732,Kepler,-1,1,15.039506900000001,0.0000521,54977.135482000005,0.033431999999999996,0.0474,0.0474,0.0142,0.0129,0.5394,0.11,294.7312,40.1505,73.7276,8.8631,13.623,6119,True,6410,162,-194,4.329,0.105,-0.195,-0.2,0.25,-0.3,1.178,0.384,-0.179,1.077,0.177,-0.118,12.555,12.303,12.241,0.8577887773268408,0.015987909200276554
8151107,Kepler,-1,1,18.0013083,0.0000673,55010.277303999996,-1,0.0002,-1,0.0927,-1,1,-1,285.5886,44.0477,74.3956,16.6527,12.553,6524,True,6754,162,-223,4.3,0.101,-0.188,-0.38,0.25,-0.3,1.269,0.391,-0.196,1.176,0.175,-0.158,11.664,11.429,11.435,0.9978028305850063,0.0202677776506009
2010607,Kepler,4929,1,18.632296,0.00007099999999999999,54974.489675,-1,0.0006,-1,0.0603,-1,1,-1,290.5056,37.459,69.7736,10.5638,11.347,6122,True,6235,84,-65,3.801,0.03,-0.02,0.02,0.15,-0.15,2.471,0.171,-0.124,1.407,0.19,-0.111,10.427,10.204,10.155,1.5785922761495108,0.026386132806215327
11494130,Kepler,978,1,18.9554142,0.0000723,54962.683854999996,-1,0.0002,0.0006,0.0275,0.1216,0.0089,-1,284.0268,49.4154,79.2865,19.5423,10.988,6330,True,6362,129,-116,3.761,0.225,-0.075,-0.28,0.15,-0.15,2.534,0.305,-0.712,1.352,0.169,-0.207,10.083,9.85,9.815,2.694179783325635,0.07897281247642464
3850086,Kepler,-1,1,19.1142466,0.0000737,55012.165119000005,-1,0.0001,-1,0.1278,-1,1,-1,291.3975,38.9647,71.4627,10.6032,11.239,6230,True,6461,162,-162,3.983,0.247,-0.133,-0.26,0.3,-0.25,1.853,0.428,-0.57,1.204,0.206,-0.169,10.366,10.158,10.099,1.8034358395606633,0.027787526671741735
9777062,Kepler,-1,1,19.230037799999998,0.0000737,54965.580711,0.043129,0.2589,0.0331,0.0119,0.0164,0.5994,0.08,294.4608,46.5897,79.4386,12.0202,12.241,7466,True,7703,217,-372,3.844,0.267,-0.164,0.36,0.1,-0.35,2.916,0.805,-0.984,2.165,0.257,-0.44,11.552,11.448,11.388,0.843863839674981,0.023503904971985456
3547874,Kepler,-1,1,19.692172199999998,0.0000765,54999.26698200001,-1,-0.0013,-1,0.0485,-1,1,-1,292.2829,38.6657,71.5064,9.8526,10.952,6371,True,6567,146,-194,4.091,0.192,-0.128,-0.02,0.25,-0.3,1.742,0.362,-0.442,1.367,0.161,-0.241,10.049,9.842,9.793,1.552602515356036,0.02837130086442664
8197761,Kepler,6175,1,19.73845,0.0000765,55011.448889,0.147568,0.0049,-1,0.0075,-1,1,0.07,301.0388,44.0711,79.5081,6.7573,10.656,7068,True,7301,230,-307,4.11,0.204,-0.167,-0.38,0.25,-0.3,1.717,0.503,-0.457,1.384,0.212,-0.234,9.941,9.827,9.773,2.4014016555260147,0.025935998656013152
6117415,Kepler,6019,1,19.741625199999998,0.0000765,54969.446489999995,-1,0.0845,-1,0.0056,-1,1,-1,289.8611,41.4082,73.1882,12.7227,10.543,6282,True,6535,147,-180,4.183,0.14,-0.14,0,0.25,-0.3,1.529,0.328,-0.295,1.301,0.142,-0.213,9.663,9.463,9.415,3.0586910012585315,0.023119184448738995
4055765,Kepler,100,1,19.932,0.000078,55004.073161,0.035154000000000005,0.0015,0.0013,0.0109,0.0112,0.5015,0.1,291.1779,39.1995,71.5998,10.8602,12.598,6440,True,6638,120,-133,3.664,0.195,-0.065,-0.16,0.15,-0.1,3.079,0.391,-0.782,1.595,0.176,-0.194,11.613,11.407,11.366,0.7919555538051876,0.03161292555618476
4862625,Kepler,-1,1,20.0002491,0.00007950000000000001,54967.819337,0.032114,0.0126,0.0012,0.0092,0.011,0.3927,0.06,298.2151,39.9551,74.8691,6.4405,13.718,6149,True,6373,151,-189,4.438,0.062,-0.188,-0.24,0.25,-0.3,1.047,0.298,-0.106,1.094,0.143,-0.143,12.714,12.461,12.395,0.4553000325557603,0.09931707753047957
3749404,Kepler,-1,1,20.306385199999998,0.00007950000000000001,54981.166189999996,-1,-0.0023,-1,0.064,-1,1,-1,292.0795,38.8371,71.5886,10.0716,10.575,7144,True,7363,228,-330,3.938,0.234,-0.156,0,0.2,-0.3,2.358,0.576,-0.768,1.757,0.184,-0.342,9.989,9.897,9.841,1.5021620322769411,0.027604294590086502
9474969,Kepler,-1,1,21.5705056,0.0000862,54984.792515999994,0.092816,0.1387,0.127,0.0251,0.0223,0.7567,0.17,295.6289,46.0514,79.3296,11.0562,12.462,6085,True,6322,175,-175,4.003,0.273,-0.117,-0.46,0.35,-0.3,1.692,0.336,-0.505,1.051,0.174,-0.139,11.456,11.236,11.145,0.7980581460391726,0.02275336396696674
4649305,Kepler,143,1,22.6511384,0.000094,54973.33678400001,-1,0.0025,-1,0.0059,-1,1,-1,290.1033,39.7816,71.7641,11.8605,13.682,6742,True,6968,194,-267,4.31,0.058,-0.232,-0.1,0.25,-0.35,1.333,0.513,-0.171,1.333,0.222,-0.182,12.792,12.607,12.578,0.7379580418673097,0.016483553505075032
4144236,Kepler,6109,1,22.9134572,0.000094,54973.645777,0.025487,0.2375,-1,0.0062,-1,1,0.03,287.8333,39.2213,70.4863,13.2117,11.856,6346,True,6621,149,-216,4.294,0.092,-0.138,-0.18,0.25,-0.3,1.297,0.282,-0.188,1.213,0.142,-0.174,10.93,10.702,10.62,0.7751511616384555,0.7034053356172537
8823868,Kepler,81,1,23.8761357,0.00010049999999999999,54988.008633000005,0.088534,0.0058,0.002,0.0205,0.0153,0.4993,0.16,293.7857,45.0185,77.7892,11.7294,11.409,9751,True,9974,275,-413,4.048,0.115,-0.214,0.21,0.05,-0.4,2.533,0.965,-0.414,2.615,0.371,-0.278,11.164,11.141,11.115,0.5989192494219222,0.04109082058297417
7821010,Kepler,-1,1,24.2382426,0.00010290000000000001,54969.61584500001,0.024871,0.4208,0.3455,0.0059,0.0222,0.7637,0.03,291.3199,43.5955,75.6864,12.6856,10.816,6298,True,6457,70,-83,4.259,0.08,-0.12,0,0.15,-0.15,1.365,0.253,-0.156,1.233,0.096,-0.096,9.853,9.658,9.638,2.774190513482291,0.03656133335109214
11974540,Kepler,129,1,24.6691944,0.0001054,54965.863261,0.059178999999999995,0.0076,-1,0.0135,-1,1,0.09,297.0094,50.3723,83.6681,12.2654,13.224,6507,True,5313,328,-712,2.936,0.18,-0.18,0.56,0.05,-0.15,9.327,2.551,-3.826,2.736,0.172,-1.463,12.269,12.042,12.034,1.04666146977585,0.012643504039077559
4950557,Kepler,-1,1,24.714791199999997,0.0001054,54957.777142,0.031492,0.1996,0.0005,0.0069,0.275,0.5579,0.04,298.2144,40.0732,74.9715,6.5005,12.526,6052,True,6300,173,-173,3.982,0.247,-0.114,-0.12,0.3,-0.25,1.862,0.387,-0.58,1.214,0.212,-0.173,11.487,11.247,11.224,1.4793409120435648,0.02965088959001916
4459068,Kepler,6114,1,24.955994600000004,0.0001079,54957.137809,-1,0.0046,-1,0.0043,-1,1,-1,290.0244,39.5634,71.5362,11.8212,11.458,8908,True,8617,325,-758,3.78,0.408,-0.072,-0.22,0.15,-0.2,3.018,0.426,-1.277,2.002,0.319,-0.439,11.108,11.088,11.06,0.8329635544169562,0.03118531429564581
10616656,Kepler,5814,1,25.285262,0.0001079,54968.965447,0.030704000000000002,0.0608,-1,0.0066,-1,1,0.04,297.6945,47.879,81.6488,10.6837,12.138,6248,True,6486,146,-194,4.337,0.104,-0.127,-0.46,0.25,-0.3,1.136,0.232,-0.155,1.021,0.137,-0.103,11.174,10.953,10.889,1.5263168346942126,0.01869088783699392
5771961,Kepler,-1,1,26.0664367,0.00011630000000000001,55009.861435,-1,-0.0005,-1,0.2377,-1,1,-1,284.7599,41.0434,71.2546,16.0905,10.561,6977,True,7264,203,-279,3.948,0.252,-0.147,-0.12,0.25,-0.35,2.255,0.512,-0.768,1.644,0.174,-0.348,9.871,9.741,9.683,1.3796088499994217,0.022001500484140447
4931073,Kepler,-1,1,26.9512358,0.0001193,54956.97124199999,0.052407,0.0836,0.0564,0.0108,0.0095,0.2472,0.08,293.8297,40.0312,73.2937,9.4166,11.957,6453,True,6675,160,-200,3.748,0.285,-0.095,-0.14,0.3,-0.25,2.747,0.489,-0.908,1.54,0.238,-0.291,11.027,10.842,10.805,0.9654027083761482,0.031139360779915838
11769801,Kepler,2633,1,29.7082201,0.00013680000000000002,54984.647171000004,-1,0.0003,-1,0.0851,-1,1,-1,295.1429,49.9931,82.7599,13.1526,11.549,6229,True,6440,162,-162,3.984,0.247,-0.133,-0.14,0.3,-0.25,1.921,0.41,-0.563,1.299,0.193,-0.214,10.555,10.328,10.315,1.4175265208299033,0.021534825547260907
9957668,Kepler,5744,1,30.695334499999998,0.00014509999999999998,54958.024623000005,0.037485000000000004,0.0833,-1,0.0071,-1,1,0.04,294.4783,46.8638,79.6941,12.1337,12.508,6072,True,6335,171,-171,4.171,0.234,-0.126,-0.74,0.35,-0.25,1.286,0.253,-0.31,0.894,0.13,-0.076,11.514,11.246,11.203,1.174061352829121,0.021407722867093516
10092506,Kepler,-1,1,31.041674800000003,0.00014509999999999998,54997.35230700001,-1,0.0005,-1,0.1037,-1,1,-1,297.8457,47.0723,80.982,10.2031,11.21,6526,True,6915,72,-82,3.887,0.202,-0.109,0.04,0.15,-0.15,2.455,0.427,-0.64,1.693,0.151,-0.218,10.246,10.056,10.024,1.3212678274015217,0.02137041474766342
8560861,Kepler,-1,1,31.9732325,0.000154,54966.867732000006,0.08304,0.0712,0.033,0.015,0.0154,0.5234,0.12,292.1394,44.6727,76.9427,12.6224,8.5,7647,True,7854,217,-326,3.669,0.432,-0.108,-0.12,0.2,-0.3,3.462,0.707,-1.65,2.039,0.37,-0.494,7.965,7.926,7.883,2.6664297578037903,0.04099159366074188
11923819,Kepler,-1,1,33.1595125,0.0001591,54959.65199,0.055501,0.2109,0.1078,0.0094,0.0123,0.3353,0.07,296.4643,50.2862,83.424,12.5331,11.562,7724,True,7967,454,-844,4.001,0.162,-0.198,0.36,0.05,-0.2,2.379,0.794,-0.529,2.069,0.349,-0.384,10.926,10.76,10.797,1.0331958561657204,0.018791031979680697
5812701,Kepler,12,1,35.71,0.0001756,54997.460653999995,0.064677,0.0105,0.0071,0.0088,0.0161,0.5002,0.08,297.4537,41.011,75.4989,7.4698,11.353,6419,True,6823,61,-92,4.308,0.024,-0.128,0.07,0.15,-0.15,1.367,0.267,-0.067,1.386,0.093,-0.076,10.461,10.287,10.234,2.4752968619314606,0.027059309440200116
7677005,Kepler,-1,1,38.058139000000004,0.0001952,54975.409399000004,0.052908000000000004,0.2862,0.1707,0.0082,0.0112,0.7943,0.05,289.9158,43.3908,75.0521,13.521,12.178,6683,True,6894,164,-247,4.25,0.092,-0.138,-0.2,0.25,-0.35,1.419,0.33,-0.22,1.317,0.15,-0.187,11.27,11.129,11.084,1.1340375712936854,0.021861957186305857
10909274,Kepler,-1,1,39.2381401,0.00020240000000000001,54981.650885,0.036752,0.4072,0.3209,0.0052,0.0187,0.1674,0.03,285.9762,48.3208,78.6655,17.9623,12.153,6358,True,6599,147,-213,4.35,0.06,-0.14,-0.04,0.25,-0.3,1.234,0.283,-0.141,1.248,0.144,-0.173,11.219,11.043,10.957,1.1641575966121307,0.026239830627425687
4949194,Kepler,-1,1,41.2632016,0.0002188,54997.894523,-1,-0.0006,-1,0.0525,-1,1,-1,297.9279,40.0549,74.8446,6.6808,8.942,8444,True,8691,246,-422,4.072,0.14,-0.171,0.07,0.3,-0.55,2.193,0.706,-0.471,2.069,0.372,-0.454,8.723,8.771,8.787,0.7983277431665212,0.17266953786408426
8553907,Kepler,-1,1,42.0322129,0.00022759999999999998,54957.882820000006,0.046308999999999996,0.3759,0.3432,0.0062,0.0104,0.2067,0.04,289.4792,44.6314,76.082,14.3201,12.694,6425,True,6618,148,-198,4.393,0.063,-0.147,-0.36,0.25,-0.3,1.117,0.25,-0.125,1.128,0.125,-0.139,11.741,11.533,11.52,1.2298378073688125,0.019277735315831258
7598128,Kepler,681,1,44.2581726,0.0002477,54977.236704999996,0.051925,0.0213,-1,0.0065,-1,1,0.04,288.542,43.2554,74.5012,14.3761,13.204,6312,True,6544,162,-179,3.839,0.292,-0.097,-0.22,0.3,-0.25,2.326,0.438,-0.813,1.364,0.233,-0.257,12.195,11.987,11.956,0.6718043056267087,0.01555782828163361
12167361,Kepler,980,1,47.930949600000005,0.000271,55012.095641,0.017866999999999997,0.0021,-1,0.0021,-1,1,0,295.5987,50.7207,83.5615,13.2215,10.376,8017,True,8214,226,-340,4.104,0.145,-0.145,-0.18,0.25,-0.3,1.938,0.454,-0.413,1.737,0.157,-0.269,9.951,9.913,9.887,0.6717380834113083,0.0838509771417689
8506766,Kepler,138,1,48.9374112,0.00028369999999999996,55071.647139,0.044682,0.0064,-1,0.0051,-1,1,0.03,295.9409,44.5784,78.1119,10.17,13.96,6772,True,7066,197,-310,4.094,0.203,-0.166,-0.24,0.25,-0.35,1.761,0.488,-0.488,1.406,0.208,-0.255,12.974,12.766,12.719,0.7552994120699992,0.02030069017244436